1,Ralina,O'Lenechan
2,Loella,Scardafield
3,Eamon,Haveline
4,Kesley,Manktelow
5,Rick,Hazeley
6,Reece,Faragher
7,Cammy,Motte
8,Baily,Grand
9,Porter,O'Mailey
10,Gracia,Kenningham
11,Emmy,Lilleyman
12,Miltie,Zuppa
13,Lowell,MacAloren
14,Belita,Darlison
15,Donnell,Hawket
16,Rodie,Magson
17,Troy,Feitosa
18,Deny,Henke
19,Markos,Geekin
20,Georgena,Cogman
21,Luther,Joberne
22,Darya,Worstall
23,Neil,Northover
24,Mattie,Liddle
25,Cinnamon,Lowis
26,Frasier,Kuzma
27,Taite,Leer
28,Matilda,Threader
29,Beitris,Chaplyn
30,Oswald,Wabb
31,Roselle,Grishkov
32,Blinnie,Bridgement
33,Bernadene,Benedikt
34,Payton,Clackson
35,Maximilien,Oakly
36,Baudoin,Moxom
37,Missie,Woodeson
38,Phip,Montacute
39,Dehlia,Bewfield
40,Finlay,Cocklin
41,Percival,Gray
42,Marya,Bernardez
43,Adelbert,Keasey
44,Doro,Benazet
45,Scott,Garrity
46,Alidia,Ferrettini
47,Levin,Capp
48,Ruddie,Seaward
49,Vergil,Giffin
50,Sonnnie,Swindells
51,Arin,Himsworth
52,Koo,Beurich
53,Hamlin,Hinchshaw
54,Avis,Morgue
55,Willette,Chooter
56,Carolynn,McIlvenna
57,Mitchael,Cullotey
58,Alexio,Pietrusiak
59,Imogene,Peter
60,Odelia,Amerighi
61,Carleton,Barbie
62,Hy,Rillatt
63,Patric,Avieson
64,Fairfax,Redhole
65,Crawford,Vaz
66,Huntlee,Heatherington
67,Shem,Walstow
68,Flint,Meyrick
69,Pegeen,McLachlan
70,Sergeant,Pryn
71,Nanny,Greschke
72,Virgie,Costello
73,Genvieve,Alway
74,Hadley,Pentland
75,Benjy,Hinze
76,Melesa,Ironmonger
77,Morganica,Arnault
78,Max,Yve
79,Loree,Jakolevitch
80,Bernhard,Westphal
81,Sheilakathryn,Haggard
82,Rees,Sibbson
83,Ertha,Mingo
84,Etti,Sloegrave
85,Bernetta,Bernadon
86,Elvira,Gilhooley
87,Barr,Izzatt
88,Waldon,Biddwell
89,Hoebart,Robrow
90,Gibbie,Lemon
91,Krystyna,Halkyard
92,Willie,Meckiff
93,Guy,Cove
94,Felipa,Cullip
95,Leonora,Heugle
96,Kira,De Ferraris
97,Murry,Andreasson
98,Celesta,Glasscoe
99,Arin,Leyburn
100,Hanson,Vivians
101,Tabby,Spirritt
102,Lenee,Bennion
103,Nicolis,Patrickson
104,Neddie,Blow
105,Kristal,Duplain
106,Cornall,Haycroft
107,Biddy,Sidworth
108,Serena,Dainton
109,Laural,Sloat
110,Asa,Methingam
111,Josiah,Liddel
112,Fawn,Anyene
113,Jewel,Dalgarno
114,Valentia,Maciejewski
115,Charo,Fautly
116,Samara,Rathke
117,Miof mela,Guy
118,Carma,Jacomb
119,Sib,Bernhardt
120,Niki,Jolliffe
121,Georas,Strongman
122,Jillian,Brunsen
123,Bili,Raubenheimer
124,Miltie,Seyers
125,Paco,Kopf
126,Marguerite,Butchart
127,Rudy,Vevers
128,Merry,Vicioso
129,Honoria,Isgate
130,Gwen,Trenholm
131,Bartram,Parsall
132,Hedy,Sayes
133,Hoyt,Bareford
134,Marigold,Bastable
135,Reine,Keitch
136,Pail,Iuorio
137,Isidora,Maylard
138,Salvador,Jerrome
139,Cleve,Perkinson
140,Stephan,Treslove
141,Merle,Fairall
142,Cammy,Everly
143,Virge,Whitechurch
144,Lucio,Vanini
145,Randolph,Mapstone
146,Karita,Rainey
147,Blondy,Luna
148,Webb,Wathall
149,Ronda,Clutheram
150,Rosette,Dulwitch
151,Lane,Westmorland
152,Arie,Rigard
153,Morissa,Fern
154,Charis,Josovich
155,Yvette,Boraston
156,Emmy,Colter
157,Marylou,Eirwin
158,Lincoln,Mickleburgh
159,Dita,Haselgrove
160,Ardelis,Hatley
161,Rebeca,Giraudel
162,Linn,Borrington
163,Alis,Powdrell
164,Charlean,Teligin
165,Rolf,Lernihan
166,Gerald,Driussi
167,Rosetta,Witling
168,Kacy,Gianulli
169,Davida,Lundie
170,Genevieve,Gosforth
171,Hobard,Bazylets
172,Maire,Senett
173,Alfons,Serrels
174,Hilarius,Gannicott
175,Verile,Alabastar
176,Flin,Wince
177,Janella,Dozdill
178,Hope,Diggle
179,Ralina,Buckeridge
180,Itch,Nesfield
181,Hector,Durham
182,Fanechka,Terbruggen
183,Christoffer,Ledster
184,Debi,Bland
185,Daile,McGaugey
186,Suzanne,Cassel
187,Alwyn,Ventura
188,Dynah,Schulkins
189,Ronald,Sinfield
190,Casi,Glencross
191,Angil,Linfitt
192,Killian,Ingle
193,Gaylene,Sueter
194,Franklin,Silcox
195,Clementius,Gubbin
196,Brandie,Grubey
197,Tadd,Grishkov
198,Barney,Auty
199,Chanda,Blakelock
200,Ignazio,Shobbrook
201,Florrie,Bisiker
202,Wilmette,Thebe
203,Valeda,Pranger
204,Claude,Doswell
205,Byrann,Hourigan
206,Ganny,McPhillimey
207,Gertrudis,McKomb
208,Odelia,Starmore
209,Laurie,Menichino
210,Emalia,Kempston
211,Grannie,Timmes
212,Ashien,Steward
213,Creigh,Featherby
214,Tabitha,Mathew
215,Travis,Kynett
216,Jenny,Reilinger
217,Jeramey,Gravett
218,Dalia,Benedyktowicz
219,Obidiah,Naismith
220,Astrix,Saylor
221,Yettie,Colgrave
222,Elinore,Bellworthy
223,Jodi,Letterick
224,Maureen,Burrett
225,Zebedee,Beeching
226,Sheffield,Troker
227,Mikkel,Cowdry
228,Garnet,Casperri
229,Lilias,Sazio
230,Alfy,Langeren
231,Luciana,Freda
232,Donnajean,Minthorpe
233,Alleyn,Elmhirst
234,Obidiah,Groocock
235,Josh,Decent
236,Eldridge,Zannolli
237,Allyn,Freeman
238,Clemens,Pinkstone
239,Kylen,Poxon
240,Ty,Stearnes
241,Antin,Dilland
242,Karlan,Haddon
243,Darsey,Keaveney
244,Isak,Anan
245,Anna-diane,Deason
246,Silvester,Elvish
247,Wandie,deKnevet
248,Bryan,Paulig
249,Cody,Houldcroft
250,Livia,Petit
251,Harwilll,Fursey
252,Tanner,Larrie
253,Liliane,Kempston
254,Nollie,Brookhouse
255,Kerstin,Blinkhorn
256,Carol-jean,Barras
257,Perri,Bouette
258,Lindsay,Gabitis
259,Catie,Bowller
260,Charlene,Lartice
261,Fiann,O'Fallone
262,Carmencita,Losebie
263,Barton,Eingerfield
264,Lynn,Pummery
265,Shellie,Vittel
266,Suzi,Rowatt
267,Washington,Tellenbach
268,Angie,D'orsay
269,Janet,Janney
270,Alie,Theriot
271,Elfrida,Paskin
272,Kippie,Kinge
273,Ailbert,Concklin
274,Arni,O'Lyhane
275,Berthe,Bifield
276,Emelyne,Renak
277,Aimee,Leiden
278,Concettina,Halden
279,Clarette,Gerok
280,Renault,Reichardt
281,Sheelah,Giddons
282,Mayer,Renihan
283,Anson,Northfield
284,Granthem,Tieman
285,Reggie,Barrowcliff
286,Revkah,Hestrop
287,Annamarie,Sizzey
288,Creighton,Fontelles
289,Kingsley,Sinkin
290,Myriam,Georgeon
291,Kali,Wilsee
292,Milo,Simonaitis
293,Carrol,MacQuaker
294,Quillan,Swaden
295,Odella,Haddock
296,Arlette,McAlpine
297,Regen,Ambrosch
298,Hilarius,Trembath
299,Cal,Simonot
300,Charity,Kochel
301,Vivia,Mattheissen
302,Tallie,Giannasi
303,Allx,Dilliston
304,Trudey,Hamblett
305,Bliss,Kehri
306,Edward,Poppy
307,Carilyn,Janusik
308,Mahmud,Ohrt
309,Trueman,Crowch
310,Hamnet,Weakley
311,Ellsworth,Rubinowitz
312,Eleonora,Barme
313,Linette,Spatarul
314,Orelia,Goldster
315,Rawley,Glewe
316,Alisha,Hagger
317,Trumann,Deevey
318,Chuck,Fegan
319,Deedee,Rozenzweig
320,Brunhilde,Rushworth
321,Gabie,Empleton
322,Onofredo,Patty
323,Iago,Jachimak
324,August,Duval
325,Amalie,Graybeal
326,Kile,Chamberlen
327,Dalt,Copes
328,Hulda,Marioneau
329,Marty,Schollar
330,Dulcia,Measom
331,Thurston,McCrie
332,Darell,Monkman
333,Charline,Ingledew
334,Brynn,Attride
335,Wallas,Hanmore
336,Humfrey,Gilhespy
337,Stanislaus,O'Brogane
338,Fabian,Kinghorn
339,Orton,Cullingford
340,Taffy,Dargavel
341,Filip,Lanney
342,Darline,Guage
343,Xavier,Fugere
344,Dolf,Maine
345,Cherye,Capron
346,Gilda,Millican
347,Corby,Linnane
348,Tiffie,Budcock
349,Torey,Browncey
350,Sheena,Bielfeld
351,Polly,Cosgrive
352,Vidovik,Tudbald
353,Giraud,Baynes
354,Alastair,Strathe
355,Tresa,Palser
356,Beauregard,Tatton
357,Wilow,Carine
358,Thaine,Taunton
359,Kean,Barthelemy
360,Sergeant,Kryzhov
361,Adriane,O'Monahan
362,Law,Kitchenside
363,Iorgo,Duplock
364,Brianne,Sheldrick
365,Daffie,Constance
366,Pen,Wrey
367,Sari,McKerley
368,Martha,Lates
369,Lisbeth,Skellon
370,Lezlie,Hansana
371,Alexandro,Janc
372,Bren,Doyland
373,Kerwin,Leebetter
374,Erie,Jedrzejczak
375,Rozalin,Edgerly
376,Waylon,Scamadine
377,Delmor,Luff
378,Ileana,Flaune
379,Cody,Beels
380,Leanora,McMeyler
381,Myrah,Rainford
382,Samuele,Gethings
383,Colan,Hincham
384,Jojo,Chevin
385,Ashlan,Isac
386,Raphael,Patek
387,Rutter,Deverson
388,Stan,Folli
389,Glendon,Gilhooley
390,Beniamino,Tathacott
391,Onfre,Grimsell
392,Anselma,Gyurkovics
393,Nedi,Gemelli
394,Godard,Archibould
395,Mitchel,Howden
396,Blinni,Natt
397,Wyatan,Reis
398,Ibbie,Ackrill
399,Olva,Geraudel
400,Kenyon,Ronayne
401,Aldric,McRorie
402,Philbert,Saffen
403,Eberhard,Hebard
404,Ivy,Andrioli
405,Broddy,Orgill
406,Stevena,Lound
407,Jewel,Steward
408,Juana,Catterill
409,Cass,Bern
410,Tova,Baker
411,Rhys,McCrackem
412,Kinnie,Delhanty
413,Ruthi,Rickard
414,Wilburt,Matous
415,Roselle,Galbreath
416,Neile,Powley
417,Claude,MacAloren
418,Annabel,Lanchberry
419,Florida,Enstone
420,Justin,Castanos
421,Mollie,Gerdts
422,Candide,Imison
423,Emery,Busfield
424,Mildrid,Pudsey
425,Tammi,Brehat
426,Shelagh,Staddom
427,Rollin,Slocket
428,West,Eddy
429,Dominick,Hull
430,Grace,Camosso
431,Andromache,Magister
432,Alexio,Storkes
433,Brynna,Blanque
434,Blakeley,Pie
435,Seline,Elmer
436,Pip,Fancet
437,Morgan,Gowthrop
438,Mylo,Klewer
439,Vilma,McErlaine
440,Noni,Casbon
441,Marysa,Delgaty
442,Dre,Benian
443,Blake,Isham
444,Kennith,Bernard
445,Ernst,Fairburne
446,Jackelyn,Weatherley
447,Rodie,Llorens
448,Eden,Tennewell
449,Anthe,Roft
450,Aprilette,de Guerre
451,Doralynn,Lean
452,Kinnie,Baythorp
453,Elladine,Gebbie
454,Jeanine,Vanichkov
455,Kaile,Olijve
456,Amabelle,Mowatt
457,Dermot,Grcic
458,Quinn,Orcott
459,Elfrida,Stobie
460,Ephraim,Dursley
461,Lacey,Mourton
462,Oberon,Robert
463,Valma,Woolmington
464,Elwood,Trewhitt
465,Tessi,Maypole
466,Petr,Dumpleton
467,Prissie,Nelm
468,Demetri,Breeton
469,Maxine,Zincke
470,Essa,Wickmann
471,Rozele,Andreucci
472,Jonell,Fairbard
473,Finn,Rosenthal
474,Isaiah,Bellringer
475,Hort,Aiston
476,Weidar,Screech
477,Nahum,Starking
478,Wylma,Blazy
479,Cynde,Bridell
480,Orelie,Das
481,Sven,Treamayne
482,Georas,Kennicott
483,Kara,Woolnough
484,Cortie,Pratley
485,Elysee,Wasiel
486,Brigit,Womack
487,Leone,Andrewartha
488,Nevin,Denisyuk
489,Tracy,Skentelbury
490,Rick,Minet
491,Alia,Raspison
492,Ruy,Cordeiro
493,Gabriella,Mustchin
494,Myrah,Eastbury
495,Tybie,Garrold
496,Liza,Livingstone
497,Tracey,Witheridge
498,Kahaleel,Clemencon
499,Fields,Bemment
500,Geoffrey,Janecek
501,Kayla,Jojic
502,Franciskus,Debling
503,Benoit,Ivannikov
504,Zeke,Vanichkin
505,Stephanie,Gooderick
506,Nancie,Flippen
507,Jozef,McFaul
508,Jobina,Duffan
509,Sander,Monahan
510,Nancie,Alliott
511,Chick,Kliesl
512,Adler,Ings
513,Stephine,Curnick
514,Betti,Robardley
515,Gustaf,Molson
516,Giles,Mee
517,Foss,Simpson
518,Salli,Eckly
519,Gaston,Cardno
520,Laurice,Rollins
521,Fredek,Keely
522,Kalvin,Wolstencroft
523,Rois,Daymont
524,Norman,Attoe
525,Brit,Moynham
526,Noell,Trustram
527,Wenona,Abethell
528,Kylie,Chrispin
529,Northrup,Chinnock
530,Krystle,Purchall
531,Winifred,Baddam
532,Demeter,MacCathay
533,Daniele,Macoun
534,Wolfy,Sotheron
535,Von,Gammons
536,Lemuel,Leaburn
537,Cchaddie,Wollaston
538,Rose,Sygroves
539,Marya,Marsland
540,Gerrard,Hammerberger
541,Hilliard,Laming
542,Bunni,Kores
543,Josey,Emsley
544,Florida,Creedland
545,Bradney,Andrioli
546,Scot,Holston
547,Nefen,Alejandro
548,Tan,Fransoni
549,Vallie,Jurczik
550,Maddie,Mathelon
551,Renell,Wilsher
552,Dion,Sudron
553,Weidar,Dench
554,Frederich,Yanson
555,Ward,Hammand
556,Francklin,Cohani
557,Evyn,Bartholin
558,Jacquie,Whardley
559,Pansy,Paniman
560,Lorrie,Simonnet
561,Flossi,Oneile
562,Harli,Horsefield
563,Lynnett,Bourrel
564,Jarret,Barby
565,Aurilia,Stappard
566,Calypso,Milhench
567,Bethanne,McCartan
568,Lorry,Bealing
569,Rees,Statersfield
570,Aeriel,Pren
571,Ardisj,Dykas
572,Lane,Lampen
573,Suzann,Bosman
574,Ward,McCurry
575,Malva,Powers
576,Hillery,Srutton
577,Caldwell,Le Huquet
578,Lorna,Westoll
579,Dorry,Chaman
580,Leonelle,Randle
581,Brynne,Burlingame
582,Tatiana,Hiom
583,Terrye,Ikins
584,Debbi,McKennan
585,Kit,Pecha
586,Claiborn,Yurygyn
587,Marven,Lytlle
588,Jodie,Glowinski
589,Silvana,Nucator
590,Zacharias,Totaro
591,Corinne,Learmount
592,Keith,Wintersgill
593,Lil,Rickcord
594,Laurena,Bauckham
595,Michael,Crighton
596,Antonio,Tudgay
597,Mollie,Broster
598,Stanwood,Varfalameev
599,Bellanca,Cahan
600,Alyssa,McTear
601,Osgood,Shrieve
602,Monty,Risbie
603,Alasteir,Sherburn
604,Billie,Denney
605,Gregor,Gyorffy
606,Cleopatra,Goulding
607,Tamma,Margrem
608,Zechariah,Meakes
609,Huntley,Parlot
610,Ajay,Routham
611,Josselyn,Puddicombe
612,Hamilton,Jehu
613,Goldie,Noury
614,Anstice,Carnoghan
615,Jennie,Recher
616,Bobby,Beautyman
617,Nikolai,Poor
618,Clarissa,Malenfant
619,Ole,Stuchberry
620,Franciskus,Baudain
621,Claudie,Tegler
622,Adora,Gregh
623,Dulsea,Vanyatin
624,Guido,Sturch
625,Gabbi,Pogue
626,Ranee,Cregan
627,Crissie,Milner
628,Benito,Grishechkin
629,Roxanna,Stanman
630,Arlana,Sheridan
631,Rube,Ivanyushkin
632,Nico,Holtham
633,Floyd,Georgeon
634,Alexi,Ravenshear
635,Cherise,Rowles
636,Caye,Rouchy
637,Petr,O'Deegan
638,Cele,Scallon
639,Viv,Butte
640,Osgood,Stidever
641,Chip,Dilon
642,Beverlie,Burnyate
643,Joshua,Hulland
644,Alayne,Yuryshev
645,Enriqueta,Stronge
646,Loni,Gallehawk
647,Mildrid,Pedrocco
648,Gaynor,Forsdyke
649,Javier,Strangeways
650,Koren,MacNamara
651,Lynda,Oldale
652,Nisse,Dolder
653,Keven,Holston
654,Dianne,Yegorovnin
655,Flory,Bettleson
656,Shirl,Acors
657,Salmon,Hardiman
658,Roberto,Pointon
659,Scottie,Buckoke
660,Casey,Hollidge
661,Bel,Awdry
662,Bunny,Kilmurry
663,Wadsworth,Rime
664,Alister,Bullick
665,Risa,Ferrick
666,Amanda,Lomansey
667,Dalli,Mundall
668,Tabby,Earland
669,Ive,Noods
670,Heidi,Crosby
671,Haleigh,Vickerstaff
672,Sean,Balm
673,Ange,Wyman
674,Rasia,Tankard
675,Selestina,Paolucci
676,Mavra,Offa
677,Murdoch,Marciek
678,Alie,Bussell
679,Tobiah,Spragge
680,Shayna,Posten
681,Mollie,Farryan
682,Cloe,Haucke
683,Torrey,Dowears
684,Katheryn,Buard
685,Myranda,Sylvaine
686,Huntley,Thorpe
687,Antonina,Yallowley
688,Kerrill,Winfindine
689,Fidelio,Rosoman
690,Patricio,Curreen
691,Kyle,Holborn
692,Jandy,Jeste
693,Blanche,McCrow
694,Daren,Swires
695,Stevie,Misken
696,Kiah,Fanthom
697,Marcello,Trebble
698,Rodolphe,Herion
699,Ely,Brun
700,Davon,Windsor
701,Mariel,Breheny
702,Alisander,Oakenfield
703,Kacey,Reary
704,Mart,Richardeau
705,Bogart,Medhurst
706,Cyb,Saket
707,Candida,Scurr
708,Ange,Beeston
709,Katuscha,Hamby
710,Shara,Kears
711,Dawna,Ross
712,Nelia,Denington
713,Roma,Kinsey
714,Evey,Zanre
715,Pepe,Simondson
716,Rebeka,Carolan
717,Farrah,Lechmere
718,Letitia,Legges
719,Doroteya,Vynoll
720,Imogen,Lyokhin
721,Roarke,Navarro
722,Bertha,Ellwell
723,Eartha,Gaddes
724,Slade,Sanzio
725,Phillipe,Tetford
726,Lauralee,Matthias
727,Lorenzo,Slemmonds
728,Godwin,Cordes
729,Olivette,Tumielli
730,Darci,Onion
731,Livvyy,Enderby
732,Bernelle,Hindshaw
733,Tabitha,Golder
734,Norbert,Coey
735,Matthias,Lyngsted
736,Bertrando,Omand
737,Valerie,Legerton
738,Vivian,Teas
739,Tomi,Lean
740,Kincaid,Erdely
741,Clarabelle,Scarfe
742,Cord,Brugmann
743,Celesta,Rydings
744,Bamby,Keddle
745,Walther,Wybrow
746,Fairleigh,Attenborrow
747,Daryl,Hargrove
748,Thornton,Vassano
749,Tawsha,Cornfield
750,Christen,Corrigan
751,Gertrude,MacFall
752,Selby,Klimontovich
753,Cesaro,Coltman
754,Tomasine,Tickel
755,Homere,Cockarill
756,Rafferty,Alkins
757,Cymbre,Satcher
758,Ambros,Ferrettini
759,Liane,Veryard
760,Thaxter,Bullan
761,Simonette,Lenaghen
762,Herschel,Bartleet
763,Frederigo,Ortner
764,Sonny,Mackieson
765,Leanora,Bricksey
766,Rodge,Sighart
767,Alyosha,Vella
768,Estele,Balshaw
769,Oliy,Jorez
770,Dari,Woodbridge
771,Maximilian,Cawse
772,Hall,Abbison
773,Hendrick,Hulburd
774,Patience,Leverton
775,Briano,Brisseau
776,Feodor,Arkell
777,Corbett,Hughf
778,Tootsie,Normanton
779,Diahann,Cleland
780,Tiena,Goolding
781,Paula,Splevings
782,Welbie,Playfoot
783,Ruby,Lindenstrauss
784,Astra,Moorrud
785,Binnie,Worthing
786,Wynnie,Rozenzweig
787,Nobe,Tonkinson
788,Lazar,Tilburn
789,Constantin,Massey
790,Jobina,Sedgemore
791,Elianora,Jorgesen
792,Leonora,Adaway
793,Leona,Cotmore
794,Pietro,Britzius
795,Teddi,Ipsley
796,Letty,Kitchener
797,Federico,Peasby
798,Ebony,Burch
799,Alvina,McKearnen
800,Shelly,Woodroofe
801,Analiese,Windrum
802,Cleopatra,Hove
803,Bennett,Mish
804,Brianna,Grono
805,Gabe,Menchenton
806,Lynette,Blaskett
807,Iris,Lawland
808,Hanna,Shirtliff
809,Shalne,Haskew
810,Blair,Hawksby
811,Daphene,De Cleyne
812,Shaina,Drinkel
813,Justin,Stoggell
814,Linette,Roper
815,Westbrook,Kay
816,Christen,Gibbonson
817,Abigael,Rulf
818,Arline,Oxenham
819,Candi,Longo
820,Wright,Ridley
821,Ranee,Haruard
822,Reinaldos,Shrimpling
823,Lucian,Cuss
824,Mathian,Gorries
825,Cammie,Tilliards
826,Raf,Hendrickx
827,Yvor,Cherry
828,Arnaldo,Gerckens
829,Esmeralda,Rosengarten
830,Rod,Petheridge
831,Tabby,Hemstead
832,Ernestine,Corbould
833,Stanleigh,Greatex
834,Lanie,Ainger
835,Taite,Fulcher
836,Phylis,Clubley
837,Emmi,Pembridge
838,Kennie,Shepheard
839,Rowen,Abthorpe
840,Hertha,Tarzey
841,Ofilia,Geany
842,Laverna,Greder
843,Daryl,Debrett
844,Ashly,Feldhorn
845,Morena,Peirpoint
846,Orrin,Dacres
847,Reginald,McKeachie
848,Elsinore,Beedon
849,Clark,Hurles
850,Alexina,Lichtfoth
851,Shirley,Lawlor
852,Gearalt,Wrefford
853,Alisa,Short
854,Yoshiko,Killough
855,Raine,Liepina
856,Charlie,Davenhall
857,Ida,Tenny
858,Keriann,Geistmann
859,Elna,Cristoforo
860,Maridel,Mucci
861,Elmira,Lilleman
862,Betsy,Younge
863,Helaina,Barenski
864,Skippy,Williamson
865,Niall,Sambrook
866,Ignacio,Willard
867,Peyter,Johnes
868,Bink,Volk
869,Grady,Batcock
870,Asia,Meaders
871,Worthy,Pane
872,Page,Cropton
873,Eran,Strathman
874,Gaultiero,Moret
875,Leyla,Warmisham
876,Barbie,Kalinsky
877,Trix,Tatersale
878,Lucio,Holbie
879,Auria,Brereton
880,Marieann,Healey
881,Horatius,Jaggard
882,Joelly,Caen
883,Gwendolyn,Rubinchik
884,Lucia,Weddeburn - Scrimgeour
885,Mallorie,Skeen
886,Jocko,Reynard
887,Fey,Klauer
888,King,Farney
889,Ambrosio,Fraser
890,Lora,Mustchin
891,Kandace,Priestner
892,Geri,Loch
893,Ashlan,Luxford
894,Hertha,Ciotto
895,Nev,Center
896,Marysa,Jedrzaszkiewicz
897,Luelle,Vedmore
898,Dore,Ballentime
899,Vanda,Webber
900,Brear,Witnall
901,Noel,Pendergrast
902,Corabel,Glanz
903,Onfre,Cutill
904,Hart,Oxborough
905,Daisy,Aistrop
906,Pattin,Cornels
907,Phineas,Chatres
908,Svend,Ketton
909,Iver,Kenaway
910,Rosy,Bussens
911,Ada,Scoon
912,Carolus,Yarrell
913,Rayshell,Anger
914,Farleigh,Silverthorn
915,Lonny,Summerell
916,Amalee,Pellant
917,Wrennie,Brian
918,Zaria,Peyntue
919,Taddeusz,Lowry
920,Ezechiel,Pymer
921,Pooh,Mulberry
922,Steffane,Filippucci
923,Polly,Madeley
924,Serge,Bunt
925,Clarabelle,Fulham
926,Janot,Tournie
927,Quintana,Jandera
928,Constancy,Girvin
929,Raynor,Chittem
930,Pennie,Burberow
931,Lauree,Walhedd
932,Fernando,O'Dougherty
933,Loreen,Sciacovelli
934,Fanny,Dumbreck
935,Keene,Behning
936,Lorelei,McDougall
937,Dallis,Wanden
938,Eunice,Fearnyough
939,Guy,Gresswell
940,Buckie,Tuffin
941,Kerrill,Jowers
942,Carol-jean,Matelyunas
943,Teador,Sandwich
944,Heddie,Blundin
945,Sasha,Elstone
946,Chickie,Matherson
947,Lucias,Tromans
948,Austin,Eckels
949,Mikol,Jaulmes
950,Libbi,Sneesby
951,Rodolph,Yankishin
952,Mariette,Lillicrap
953,Tabbi,Spurritt
954,Colene,Apfel
955,Kary,Poinsett
956,Guthrey,Thompson
957,Dru,McConigal
958,Floris,Kretschmer
959,Vergil,Baudassi
960,Rory,Bodham
961,Hobart,Reinhart
962,Netta,De Blasiis
963,Viva,Cutmore
964,Bel,Coleiro
965,Inge,Pennacci
966,Janis,Cursons
967,Cassaundra,Benfield
968,Ennis,Sharphouse
969,Ginger,Freemantle
970,Selestina,Manton
971,Sheeree,Record
972,Sven,Bratley
973,Robenia,Arndell
974,Reynolds,Ceresa
975,Rodrick,Largen
976,Andras,McPike
977,Richie,Cuschieri
978,Jordan,Vines
979,Corabelle,Grosier
980,Kirstin,Oram
981,Anne-marie,Smewin
982,Melanie,Ezele
983,Geraldine,Ewen
984,Donaugh,Langstaff
985,Waylen,Werrett
986,Ashton,Bezant
987,Dewitt,Greenly
988,Adair,McIllrick
989,Etta,Tessyman
990,Skelly,Caldecott
991,Kimberly,Cotty
992,Ludovika,de Verson
993,Margaretha,Giacopello
994,Tiffy,Cawsby
995,Leonardo,Elies
996,Vladimir,Stapells
997,Mathias,Stribbling
998,Andy,Nattriss
999,Lyell,Blandamore
1000,Gavra,Kapelhof
